{
    "levelName": "Level2D_3",
    "levelId": 3,
    "cards": [
        {
            "id": 1,
            "type": 0,
            "position": {
                "x": -2.0,
                "y": 2.0
            },
            "layer": 0,
            "isVisible": true,
            "blockingCards": []
        },
        {
            "id": 2,
            "type": 0,
            "position": {
                "x": 0.0,
                "y": 0.0
            },
            "layer": 0,
            "isVisible": true,
            "blockingCards": []
        },
        {
            "id": 3,
            "type": 0,
            "position": {
                "x": 2.0,
                "y": 0.0
            },
            "layer": 0,
            "isVisible": true,
            "blockingCards": []
        },
        {
            "id": 4,
            "type": 0,
            "position": {
                "x": -12.0,
                "y": 4.0
            },
            "layer": 0,
            "isVisible": true,
            "blockingCards": []
        },
        {
            "id": 5,
            "type": 0,
            "position": {
                "x": -8.0,
                "y": 2.0
            },
            "layer": 0,
            "isVisible": true,
            "blockingCards": []
        },
        {
            "id": 6,
            "type": 0,
            "position": {
                "x": -6.0,
                "y": 2.0
            },
            "layer": 1,
            "isVisible": true,
            "blockingCards": []
        },
        {
            "id": 7,
            "type": 0,
            "position": {
                "x": -8.0,
                "y": 4.0
            },
            "layer": 1,
            "isVisible": true,
            "blockingCards": []
        },
        {
            "id": 8,
            "type": 0,
            "position": {
                "x": -2.0,
                "y": 2.0
            },
            "layer": 1,
            "isVisible": true,
            "blockingCards": []
        },
        {
            "id": 9,
            "type": 0,
            "position": {
                "x": -2.0,
                "y": -2.0
            },
            "layer": 1,
            "isVisible": true,
            "blockingCards": []
        },
        {
            "id": 10,
            "type": 0,
            "position": {
                "x": 2.0,
                "y": -2.0
            },
            "layer": 1,
            "isVisible": true,
            "blockingCards": []
        },
        {
            "id": 11,
            "type": 0,
            "position": {
                "x": 4.0,
                "y": -2.0
            },
            "layer": 1,
            "isVisible": true,
            "blockingCards": []
        },
        {
            "id": 12,
            "type": 0,
            "position": {
                "x": 2.0,
                "y": 0.0
            },
            "layer": 1,
            "isVisible": true,
            "blockingCards": []
        },
        {
            "id": 13,
            "type": 0,
            "position": {
                "x": 0.0,
                "y": 2.0
            },
            "layer": 2,
            "isVisible": true,
            "blockingCards": []
        },
        {
            "id": 14,
            "type": 0,
            "position": {
                "x": 2.0,
                "y": 2.0
            },
            "layer": 2,
            "isVisible": true,
            "blockingCards": []
        },
        {
            "id": 15,
            "type": 0,
            "position": {
                "x": 6.0,
                "y": 2.0
            },
            "layer": 2,
            "isVisible": true,
            "blockingCards": []
        },
        {
            "id": 16,
            "type": 0,
            "position": {
                "x": 6.0,
                "y": 0.0
            },
            "layer": 2,
            "isVisible": true,
            "blockingCards": []
        },
        {
            "id": 17,
            "type": 0,
            "position": {
                "x": 6.0,
                "y": -4.0
            },
            "layer": 2,
            "isVisible": true,
            "blockingCards": []
        },
        {
            "id": 18,
            "type": 0,
            "position": {
                "x": 2.0,
                "y": -6.0
            },
            "layer": 2,
            "isVisible": true,
            "blockingCards": []
        },
        {
            "id": 19,
            "type": 0,
            "position": {
                "x": 0.0,
                "y": -4.0
            },
            "layer": 2,
            "isVisible": true,
            "blockingCards": []
        },
        {
            "id": 20,
            "type": 0,
            "position": {
                "x": -4.0,
                "y": -4.0
            },
            "layer": 2,
            "isVisible": true,
            "blockingCards": []
        },
        {
            "id": 21,
            "type": 0,
            "position": {
                "x": -4.0,
                "y": -8.0
            },
            "layer": 2,
            "isVisible": true,
            "blockingCards": []
        },
        {
            "id": 22,
            "type": 0,
            "position": {
                "x": 0.0,
                "y": -8.0
            },
            "layer": 2,
            "isVisible": true,
            "blockingCards": []
        },
        {
            "id": 23,
            "type": 0,
            "position": {
                "x": -2.0,
                "y": -6.0
            },
            "layer": 2,
            "isVisible": true,
            "blockingCards": []
        }
    ],
    "totalLayers": 3,
    "gridSize": {
        "x": 16.0,
        "y": 16.0
    },
    "cardSpacing": 2.0,
    "cardSize": 1.0,
    "useCustomAreaSize": false,
    "areaSize": {
        "x": 8.399999618530274,
        "y": 8.399999618530274
    },
    "enableLayerPreview": true,
    "normalLayerColor": {
        "r": 1.0,
        "g": 1.0,
        "b": 1.0,
        "a": 1.0
    },
    "grayedLayerColor": {
        "r": 0.5,
        "g": 0.5,
        "b": 0.5,
        "a": 0.5
    }
}