{
  "levelName": "Level2D_1_Example",
  "levelId": 1,
  "totalLayers": 3,
  "gridSize": {
    "x": 8,
    "y": 8
  },
  "cardSpacing": 1.2,
  "cards": [
    {
      "id": 1,
      "type": 0,
      "position": {
        "x": -2.4,
        "y": 2.4
      },
      "layer": 2,
      "isVisible": true,
      "blockingCards": []
    },
    {
      "id": 2,
      "type": 0,
      "position": {
        "x": -1.2,
        "y": 2.4
      },
      "layer": 2,
      "isVisible": true,
      "blockingCards": []
    },
    {
      "id": 3,
      "type": 0,
      "position": {
        "x": 0.0,
        "y": 2.4
      },
      "layer": 2,
      "isVisible": true,
      "blockingCards": []
    },
    {
      "id": 4,
      "type": 1,
      "position": {
        "x": -2.4,
        "y": 1.2
      },
      "layer": 1,
      "isVisible": true,
      "blockingCards": [1]
    },
    {
      "id": 5,
      "type": 1,
      "position": {
        "x": -1.2,
        "y": 1.2
      },
      "layer": 1,
      "isVisible": true,
      "blockingCards": [2]
    },
    {
      "id": 6,
      "type": 1,
      "position": {
        "x": 0.0,
        "y": 1.2
      },
      "layer": 1,
      "isVisible": true,
      "blockingCards": [3]
    },
    {
      "id": 7,
      "type": 2,
      "position": {
        "x": -2.4,
        "y": 0.0
      },
      "layer": 0,
      "isVisible": true,
      "blockingCards": [4]
    },
    {
      "id": 8,
      "type": 2,
      "position": {
        "x": -1.2,
        "y": 0.0
      },
      "layer": 0,
      "isVisible": true,
      "blockingCards": [5]
    },
    {
      "id": 9,
      "type": 2,
      "position": {
        "x": 0.0,
        "y": 0.0
      },
      "layer": 0,
      "isVisible": true,
      "blockingCards": [6]
    },
    {
      "id": 10,
      "type": 3,
      "position": {
        "x": 1.2,
        "y": 2.4
      },
      "layer": 2,
      "isVisible": true,
      "blockingCards": []
    },
    {
      "id": 11,
      "type": 3,
      "position": {
        "x": 2.4,
        "y": 2.4
      },
      "layer": 2,
      "isVisible": true,
      "blockingCards": []
    },
    {
      "id": 12,
      "type": 3,
      "position": {
        "x": 3.6,
        "y": 2.4
      },
      "layer": 2,
      "isVisible": true,
      "blockingCards": []
    },
    {
      "id": 13,
      "type": 4,
      "position": {
        "x": 1.2,
        "y": 1.2
      },
      "layer": 1,
      "isVisible": true,
      "blockingCards": [10]
    },
    {
      "id": 14,
      "type": 4,
      "position": {
        "x": 2.4,
        "y": 1.2
      },
      "layer": 1,
      "isVisible": true,
      "blockingCards": [11]
    },
    {
      "id": 15,
      "type": 4,
      "position": {
        "x": 3.6,
        "y": 1.2
      },
      "layer": 1,
      "isVisible": true,
      "blockingCards": [12]
    },
    {
      "id": 16,
      "type": 5,
      "position": {
        "x": 1.2,
        "y": 0.0
      },
      "layer": 0,
      "isVisible": true,
      "blockingCards": [13]
    },
    {
      "id": 17,
      "type": 5,
      "position": {
        "x": 2.4,
        "y": 0.0
      },
      "layer": 0,
      "isVisible": true,
      "blockingCards": [14]
    },
    {
      "id": 18,
      "type": 5,
      "position": {
        "x": 3.6,
        "y": 0.0
      },
      "layer": 0,
      "isVisible": true,
      "blockingCards": [15]
    }
  ]
} 