{
    "levelName": "Level2D_1",
    "levelId": 1,
    "cards": [
        {
            "id": 1,
            "type": 0,
            "position": {
                "x": 0.0,
                "y": 1.2000000476837159
            },
            "layer": 0,
            "isVisible": true,
            "blockingCards": []
        },
        {
            "id": 2,
            "type": 0,
            "position": {
                "x": -1.2000000476837159,
                "y": 1.2000000476837159
            },
            "layer": 0,
            "isVisible": true,
            "blockingCards": []
        },
        {
            "id": 3,
            "type": 0,
            "position": {
                "x": -1.2000000476837159,
                "y": 2.4000000953674318
            },
            "layer": 0,
            "isVisible": true,
            "blockingCards": []
        },
        {
            "id": 4,
            "type": 0,
            "position": {
                "x": 0.0,
                "y": 2.4000000953674318
            },
            "layer": 0,
            "isVisible": true,
            "blockingCards": []
        },
        {
            "id": 5,
            "type": 0,
            "position": {
                "x": 1.2000000476837159,
                "y": 2.4000000953674318
            },
            "layer": 0,
            "isVisible": true,
            "blockingCards": []
        },
        {
            "id": 6,
            "type": 0,
            "position": {
                "x": 2.4000000953674318,
                "y": 2.4000000953674318
            },
            "layer": 0,
            "isVisible": true,
            "blockingCards": []
        },
        {
            "id": 7,
            "type": 0,
            "position": {
                "x": 1.2000000476837159,
                "y": 1.2000000476837159
            },
            "layer": 0,
            "isVisible": true,
            "blockingCards": []
        },
        {
            "id": 8,
            "type": 0,
            "position": {
                "x": 0.0,
                "y": 0.0
            },
            "layer": 0,
            "isVisible": true,
            "blockingCards": []
        },
        {
            "id": 9,
            "type": 0,
            "position": {
                "x": -1.8857142925262452,
                "y": 0.0
            },
            "layer": 0,
            "isVisible": true,
            "blockingCards": []
        },
        {
            "id": 10,
            "type": 0,
            "position": {
                "x": 1.8857142925262452,
                "y": 0.0
            },
            "layer": 0,
            "isVisible": true,
            "blockingCards": []
        },
        {
            "id": 11,
            "type": 0,
            "position": {
                "x": 1.8857142925262452,
                "y": 1.8857142925262452
            },
            "layer": 0,
            "isVisible": true,
            "blockingCards": []
        },
        {
            "id": 12,
            "type": 0,
            "position": {
                "x": 3.7714285850524904,
                "y": 1.8857142925262452
            },
            "layer": 0,
            "isVisible": true,
            "blockingCards": []
        },
        {
            "id": 13,
            "type": 0,
            "position": {
                "x": 3.7714285850524904,
                "y": 0.0
            },
            "layer": 0,
            "isVisible": true,
            "blockingCards": []
        },
        {
            "id": 14,
            "type": 0,
            "position": {
                "x": 0.0,
                "y": 3.7714285850524904
            },
            "layer": 0,
            "isVisible": true,
            "blockingCards": []
        },
        {
            "id": 15,
            "type": 0,
            "position": {
                "x": -2.0,
                "y": -2.0
            },
            "layer": 0,
            "isVisible": true,
            "blockingCards": []
        },
        {
            "id": 16,
            "type": 0,
            "position": {
                "x": -4.0,
                "y": -2.0
            },
            "layer": 0,
            "isVisible": true,
            "blockingCards": []
        },
        {
            "id": 17,
            "type": 0,
            "position": {
                "x": -4.0,
                "y": 0.0
            },
            "layer": 0,
            "isVisible": true,
            "blockingCards": []
        },
        {
            "id": 18,
            "type": 0,
            "position": {
                "x": 0.0,
                "y": -2.0
            },
            "layer": 0,
            "isVisible": true,
            "blockingCards": []
        },
        {
            "id": 19,
            "type": 0,
            "position": {
                "x": 2.0,
                "y": -2.0
            },
            "layer": 0,
            "isVisible": true,
            "blockingCards": []
        },
        {
            "id": 20,
            "type": 0,
            "position": {
                "x": 0.0,
                "y": 0.0
            },
            "layer": 1,
            "isVisible": true,
            "blockingCards": []
        },
        {
            "id": 21,
            "type": 2,
            "position": {
                "x": 0.0,
                "y": 2.0
            },
            "layer": 1,
            "isVisible": true,
            "blockingCards": []
        },
        {
            "id": 22,
            "type": 2,
            "position": {
                "x": -2.0,
                "y": 2.0
            },
            "layer": 1,
            "isVisible": true,
            "blockingCards": []
        },
        {
            "id": 23,
            "type": 2,
            "position": {
                "x": -2.0,
                "y": 0.0
            },
            "layer": 1,
            "isVisible": true,
            "blockingCards": []
        },
        {
            "id": 24,
            "type": 2,
            "position": {
                "x": 2.0,
                "y": 0.0
            },
            "layer": 1,
            "isVisible": true,
            "blockingCards": []
        },
        {
            "id": 25,
            "type": 2,
            "position": {
                "x": 2.0,
                "y": 2.0
            },
            "layer": 1,
            "isVisible": true,
            "blockingCards": []
        },
        {
            "id": 26,
            "type": 2,
            "position": {
                "x": -2.0,
                "y": 4.0
            },
            "layer": 1,
            "isVisible": true,
            "blockingCards": []
        },
        {
            "id": 27,
            "type": 2,
            "position": {
                "x": -4.0,
                "y": 0.0
            },
            "layer": 1,
            "isVisible": true,
            "blockingCards": []
        },
        {
            "id": 28,
            "type": 2,
            "position": {
                "x": -4.0,
                "y": 2.0
            },
            "layer": 1,
            "isVisible": true,
            "blockingCards": []
        },
        {
            "id": 29,
            "type": 2,
            "position": {
                "x": -2.0,
                "y": -2.0
            },
            "layer": 1,
            "isVisible": true,
            "blockingCards": []
        },
        {
            "id": 30,
            "type": 2,
            "position": {
                "x": 0.0,
                "y": -2.0
            },
            "layer": 1,
            "isVisible": true,
            "blockingCards": []
        },
        {
            "id": 31,
            "type": 2,
            "position": {
                "x": 2.0,
                "y": 4.0
            },
            "layer": 1,
            "isVisible": true,
            "blockingCards": []
        },
        {
            "id": 32,
            "type": 2,
            "position": {
                "x": 0.0,
                "y": 4.0
            },
            "layer": 1,
            "isVisible": true,
            "blockingCards": []
        },
        {
            "id": 33,
            "type": 2,
            "position": {
                "x": 4.0,
                "y": 2.0
            },
            "layer": 1,
            "isVisible": true,
            "blockingCards": []
        },
        {
            "id": 34,
            "type": 2,
            "position": {
                "x": 4.0,
                "y": 0.0
            },
            "layer": 1,
            "isVisible": true,
            "blockingCards": []
        },
        {
            "id": 35,
            "type": 2,
            "position": {
                "x": 4.0,
                "y": -2.0
            },
            "layer": 1,
            "isVisible": true,
            "blockingCards": []
        },
        {
            "id": 36,
            "type": 2,
            "position": {
                "x": 2.0,
                "y": -2.0
            },
            "layer": 1,
            "isVisible": true,
            "blockingCards": []
        },
        {
            "id": 37,
            "type": 2,
            "position": {
                "x": -4.0,
                "y": -2.0
            },
            "layer": 1,
            "isVisible": true,
            "blockingCards": []
        },
        {
            "id": 38,
            "type": 4,
            "position": {
                "x": -2.0,
                "y": -4.0
            },
            "layer": 1,
            "isVisible": true,
            "blockingCards": []
        },
        {
            "id": 39,
            "type": 4,
            "position": {
                "x": -4.0,
                "y": -4.0
            },
            "layer": 1,
            "isVisible": true,
            "blockingCards": []
        },
        {
            "id": 40,
            "type": 4,
            "position": {
                "x": 0.0,
                "y": -4.0
            },
            "layer": 1,
            "isVisible": true,
            "blockingCards": []
        },
        {
            "id": 41,
            "type": 4,
            "position": {
                "x": 2.0,
                "y": -4.0
            },
            "layer": 1,
            "isVisible": true,
            "blockingCards": []
        },
        {
            "id": 42,
            "type": 4,
            "position": {
                "x": 4.0,
                "y": -4.0
            },
            "layer": 1,
            "isVisible": true,
            "blockingCards": []
        },
        {
            "id": 43,
            "type": 4,
            "position": {
                "x": 4.0,
                "y": 4.0
            },
            "layer": 1,
            "isVisible": true,
            "blockingCards": []
        },
        {
            "id": 44,
            "type": 4,
            "position": {
                "x": -4.0,
                "y": 4.0
            },
            "layer": 1,
            "isVisible": true,
            "blockingCards": []
        },
        {
            "id": 45,
            "type": 4,
            "position": {
                "x": -2.0,
                "y": 4.0
            },
            "layer": 2,
            "isVisible": true,
            "blockingCards": []
        },
        {
            "id": 46,
            "type": 4,
            "position": {
                "x": -2.0,
                "y": 2.0
            },
            "layer": 2,
            "isVisible": true,
            "blockingCards": []
        },
        {
            "id": 47,
            "type": 4,
            "position": {
                "x": -4.0,
                "y": 2.0
            },
            "layer": 2,
            "isVisible": true,
            "blockingCards": []
        },
        {
            "id": 48,
            "type": 4,
            "position": {
                "x": -4.0,
                "y": 0.0
            },
            "layer": 2,
            "isVisible": true,
            "blockingCards": []
        },
        {
            "id": 49,
            "type": 4,
            "position": {
                "x": -2.0,
                "y": 0.0
            },
            "layer": 2,
            "isVisible": true,
            "blockingCards": []
        },
        {
            "id": 50,
            "type": 4,
            "position": {
                "x": 0.0,
                "y": 2.0
            },
            "layer": 2,
            "isVisible": true,
            "blockingCards": []
        },
        {
            "id": 51,
            "type": 4,
            "position": {
                "x": 2.0,
                "y": 2.0
            },
            "layer": 2,
            "isVisible": true,
            "blockingCards": []
        },
        {
            "id": 52,
            "type": 4,
            "position": {
                "x": 2.0,
                "y": 0.0
            },
            "layer": 2,
            "isVisible": true,
            "blockingCards": []
        },
        {
            "id": 53,
            "type": 4,
            "position": {
                "x": 0.0,
                "y": 0.0
            },
            "layer": 2,
            "isVisible": true,
            "blockingCards": []
        },
        {
            "id": 54,
            "type": 4,
            "position": {
                "x": 0.0,
                "y": -2.0
            },
            "layer": 2,
            "isVisible": true,
            "blockingCards": []
        },
        {
            "id": 55,
            "type": 7,
            "position": {
                "x": -2.0,
                "y": -2.0
            },
            "layer": 2,
            "isVisible": true,
            "blockingCards": []
        },
        {
            "id": 56,
            "type": 6,
            "position": {
                "x": -4.0,
                "y": -2.0
            },
            "layer": 2,
            "isVisible": true,
            "blockingCards": []
        },
        {
            "id": 57,
            "type": 6,
            "position": {
                "x": 4.0,
                "y": 0.0
            },
            "layer": 2,
            "isVisible": true,
            "blockingCards": []
        },
        {
            "id": 58,
            "type": 6,
            "position": {
                "x": 4.0,
                "y": -2.0
            },
            "layer": 2,
            "isVisible": true,
            "blockingCards": []
        },
        {
            "id": 59,
            "type": 6,
            "position": {
                "x": 2.0,
                "y": -2.0
            },
            "layer": 2,
            "isVisible": true,
            "blockingCards": []
        },
        {
            "id": 60,
            "type": 6,
            "position": {
                "x": 2.0,
                "y": -4.0
            },
            "layer": 2,
            "isVisible": true,
            "blockingCards": []
        },
        {
            "id": 61,
            "type": 6,
            "position": {
                "x": 0.0,
                "y": -4.0
            },
            "layer": 2,
            "isVisible": true,
            "blockingCards": []
        },
        {
            "id": 62,
            "type": 6,
            "position": {
                "x": -2.0,
                "y": -4.0
            },
            "layer": 2,
            "isVisible": true,
            "blockingCards": []
        },
        {
            "id": 63,
            "type": 6,
            "position": {
                "x": -4.0,
                "y": -4.0
            },
            "layer": 2,
            "isVisible": true,
            "blockingCards": []
        },
        {
            "id": 64,
            "type": 6,
            "position": {
                "x": 4.0,
                "y": -4.0
            },
            "layer": 2,
            "isVisible": true,
            "blockingCards": []
        },
        {
            "id": 65,
            "type": 6,
            "position": {
                "x": 6.0,
                "y": 4.0
            },
            "layer": 2,
            "isVisible": true,
            "blockingCards": []
        },
        {
            "id": 66,
            "type": 6,
            "position": {
                "x": 4.0,
                "y": 6.0
            },
            "layer": 2,
            "isVisible": true,
            "blockingCards": []
        },
        {
            "id": 67,
            "type": 6,
            "position": {
                "x": 6.0,
                "y": 6.0
            },
            "layer": 2,
            "isVisible": true,
            "blockingCards": []
        }
    ],
    "totalLayers": 3,
    "gridSize": {
        "x": 8.0,
        "y": 8.0
    },
    "cardSpacing": 2.0,
    "cardSize": 1.0
}