{
  "levelName": "Simple_Level",
  "levelId": 1,
  "totalLayers": 2,
  "gridSize": {"x": 6, "y": 6},
  "cardSpacing": 1.2,
  "cards": [
    {"id": 1, "type": 0, "position": {"x": -1.2, "y": 0.1, "z": -1.2}, "layer": 1, "isVisible": true, "blockingCards": []},
    {"id": 2, "type": 0, "position": {"x": 0.0, "y": 0.1, "z": -1.2}, "layer": 1, "isVisible": true, "blockingCards": []},
    {"id": 3, "type": 0, "position": {"x": 1.2, "y": 0.1, "z": -1.2}, "layer": 1, "isVisible": true, "blockingCards": []},
    {"id": 4, "type": 1, "position": {"x": -1.2, "y": 0.0, "z": 0.0}, "layer": 0, "isVisible": true, "blockingCards": [1]},
    {"id": 5, "type": 1, "position": {"x": 0.0, "y": 0.0, "z": 0.0}, "layer": 0, "isVisible": true, "blockingCards": [2]},
    {"id": 6, "type": 1, "position": {"x": 1.2, "y": 0.0, "z": 0.0}, "layer": 0, "isVisible": true, "blockingCards": [3]}
  ]
}